﻿"Parts","Root","0"
"Element","CUBE","1"
"PrimitiveId","Cube","PrimitiveFace","XY","ElelmentType","QUADS","LineColor","Green","LineThickness","1","FaceColors","1","Green"
"CubeData","Sp","-3","4","Ep","4","-6","H","8.631338250816032"
"Matrix","4","4","1","0","0","0","0","1","0","0","0","0","1","0","0","0","0","1"
"ElementEnd"
"Element","WIRECUBE","2"
"PrimitiveId","WireCube","PrimitiveFace","XY","ElelmentType","LINES","LineColor","HotPink","LineThickness","1","FaceColors","1","HotPink"
"WireCubeData","Sp","-6","7","Ep","12","-10","H","17.507141400011594"
"Matrix","4","4","1","0","0","0","0","1","0","0","0","0","1","0","0","0","0","1"
"ElementEnd"
"Element","POLYGON","3"
"PrimitiveId","Polygon","PrimitiveFace","XY","ElelmentType","LINE_LOOP","LineColor","LimeGreen","LineThickness","1","FaceColors","1","LimeGreen"
"PolygonData","Size","6","-10","13","-16","-2","9","-22","22","-8","21","13","4","18"
"Matrix","4","4","1","0","0","0","0","1","0","0","0","0","1","0","0","0","0","1"
"ElementEnd"
"Matrix","4","4","1","0","0","0","0","1","0","0","0","0","1","0","0","0","0","1"
"PartsEnd"
